epoch,iteration,train/loss,train/acc,train/acc_cls,train/mean_iu,train/fwavacc,valid/loss,valid/acc,valid/acc_cls,valid/mean_iu,valid/fwavacc,elapsed_time
0,0,,,,,,1.0116101728568847,14.091842651367188,0.00025164004734584266,0,0,22.04926
0,0,3.2365379333496094,-117.5024185180664,-1.175024185180664,0.0,0.0,,,,,,22.255158
0,1,0.360882043838501,-30.860614776611328,-0.3086061477661133,0.0,0.0,,,,,,22.263442
0,2,4.583144187927246,-158.35704040527344,-1.5835704040527343,0.0,0.0,,,,,,22.270254
0,3,5.567601680755615,-111.72294616699219,-1.1172294616699219,0.0,0.0,,,,,,22.27684
0,4,9.257104873657227,-216.68734741210938,-2.1668734741210938,0.0,0.0,,,,,,22.284811
0,5,5.7047438621521,-147.7042999267578,-1.4770429992675782,0.0,0.0,,,,,,22.294304
0,6,5.905595779418945,-176.29629516601562,-1.7629629516601562,0.0,0.0,,,,,,22.303682
0,7,1.3998616933822632,-72.88793182373047,-0.7288793182373047,0.0,0.0,,,,,,22.313192
0,8,1.8258509635925293,-51.682647705078125,-0.5168264770507812,0.0,0.0,,,,,,22.32258
0,9,5.374719619750977,-112.11927032470703,-1.1211927032470703,0.0,0.0,,,,,,22.330884
0,10,5.366726875305176,-168.37245178222656,-1.6837245178222657,0.0,0.0,,,,,,22.336763
0,11,17.759897232055664,-300.1545104980469,-3.001545104980469,0.0,0.0,,,,,,22.342953
0,12,6.691625595092773,-136.4687957763672,-1.364687957763672,0.0,0.0,,,,,,22.350027
0,13,4.562964916229248,-138.27960205078125,-1.3827960205078125,0.0,0.0,,,,,,22.356719
0,14,1.5460636615753174,-1.6495904922485352,-0.01649590492248535,0.0,0.0,,,,,,22.363776
0,15,9.609050750732422,-201.02301025390625,-2.0102301025390625,0.0,0.0,,,,,,22.370329
0,16,2.2005467414855957,-29.31418228149414,-0.2931418228149414,0.0,0.0,,,,,,22.377055
0,17,1.9194532632827759,-93.1396255493164,-0.9313962554931641,0.0,0.0,,,,,,22.383097
0,18,13.457518577575684,-269.3336486816406,-2.6933364868164062,0.0,0.0,,,,,,22.389021
0,19,2.270188331604004,-101.20056915283203,-1.0120056915283202,0.0,0.0,,,,,,22.395131
0,20,5.409768581390381,-123.38833618164062,-1.2338833618164062,0.0,0.0,,,,,,22.401266
0,21,9.628410339355469,-219.42396545410156,-2.1942396545410157,0.0,0.0,,,,,,22.407315
0,22,6.80673885345459,-178.52919006347656,-1.7852919006347656,0.0,0.0,,,,,,22.413155
0,23,6.685725688934326,-164.5243377685547,-1.6452433776855468,0.0,0.0,,,,,,22.421796
0,24,4.305447101593018,-117.26924133300781,-1.1726924133300782,0.0,0.0,,,,,,22.430305
0,25,12.535266876220703,-258.25421142578125,-2.5825421142578127,0.0,0.0,,,,,,22.438704
0,26,3.0195086002349854,-113.48876190185547,-1.1348876190185546,0.0,0.0,,,,,,22.446839
0,27,5.111781597137451,-161.991455078125,-1.61991455078125,0.0,0.0,,,,,,22.455265
0,28,1.9011270999908447,-77.14679718017578,-0.7714679718017579,0.0,0.0,,,,,,22.463627
0,29,10.604866027832031,-203.7948455810547,-2.0379484558105467,0.0,0.0,,,,,,22.472823
0,30,11.446231842041016,-218.08804321289062,-2.180880432128906,0.0,0.0,,,,,,22.480858
0,31,1.7822376489639282,-54.712852478027344,-0.5471285247802734,0.0,0.0,,,,,,22.489119
0,32,8.151188850402832,-204.76405334472656,-2.047640533447266,0.0,0.0,,,,,,22.495305
0,33,8.027583122253418,-204.02713012695312,-2.0402713012695313,0.0,0.0,,,,,,22.500937
0,34,0.8911805152893066,-2.2306721210479736,-0.022306721210479736,0.0,0.0,,,,,,22.506339
0,35,0.728153645992279,-45.37561798095703,-0.45375617980957034,0.0,0.0,,,,,,22.511842
0,36,8.919095993041992,-201.16844177246094,-2.0116844177246094,0.0,0.0,,,,,,22.517652
0,37,8.797978401184082,-215.67385864257812,-2.156738586425781,0.0,0.0,,,,,,22.52347
0,38,3.8708736896514893,-67.7373275756836,-0.6773732757568359,0.0,0.0,,,,,,22.529475
0,39,3.653090238571167,-105.49618530273438,-1.0549618530273437,0.0,0.0,,,,,,22.538131
0,40,8.610857963562012,-179.32220458984375,-1.7932220458984376,0.0,0.0,,,,,,22.546783
0,41,13.185613632202148,-251.97216796875,-2.5197216796875,0.0,0.0,,,,,,22.555428
0,42,8.745960235595703,-185.06231689453125,-1.8506231689453125,0.0,0.0,,,,,,22.564174
0,43,2.5986177921295166,-39.551944732666016,-0.39551944732666017,0.0,0.0,,,,,,22.573735
0,44,4.78071928024292,-111.20085906982422,-1.1120085906982422,0.0,0.0,,,,,,22.586732
0,45,16.343463897705078,-285.5003662109375,-2.855003662109375,0.0,0.0,,,,,,22.596057
0,46,0.02354569360613823,8.737984657287598,0.08737984657287598,0.0,0.0,,,,,,22.604943
0,47,3.505842924118042,-128.08836364746094,-1.2808836364746095,0.0,0.0,,,,,,22.61083
0,48,1.0243159532546997,-64.21820068359375,-0.6421820068359375,0.0,0.0,,,,,,22.616486
0,49,10.31958293914795,-223.24070739746094,-2.2324070739746094,0.0,0.0,,,,,,22.624878
0,50,14.678584098815918,-264.3522033691406,-2.643522033691406,0.0,0.0,,,,,,22.632911
0,51,13.478100776672363,-267.8612060546875,-2.678612060546875,0.0,0.0,,,,,,22.640704
0,52,0.6104210019111633,-41.273353576660156,-0.41273353576660154,0.0,0.0,,,,,,22.646972
0,53,1.411797046661377,-74.49402618408203,-0.7449402618408203,0.0,0.0,,,,,,22.653375
0,54,15.839221000671387,-266.77276611328125,-2.6677276611328127,0.0,0.0,,,,,,22.65956
0,55,0.24165157973766327,-23.562273025512695,-0.23562273025512695,0.0,0.0,,,,,,22.66629
0,56,5.969254016876221,-172.82237243652344,-1.7282237243652343,0.0,0.0,,,,,,22.673331
0,57,0.5072624683380127,-39.56401443481445,-0.39564014434814454,0.0,0.0,,,,,,22.680953
0,58,4.9769110679626465,-154.17955017089844,-1.5417955017089844,0.0,0.0,,,,,,22.687357
0,59,2.056488037109375,-18.12112045288086,-0.1812112045288086,0.0,0.0,,,,,,22.693023
0,60,3.7844936847686768,-137.6339111328125,-1.376339111328125,0.0,0.0,,,,,,22.698624
0,61,3.785550355911255,-68.88912963867188,-0.6888912963867188,0.0,0.0,,,,,,22.704208
0,62,5.384037017822266,-152.80508422851562,-1.5280508422851562,0.0,0.0,,,,,,22.709813
0,63,14.1103515625,-271.71759033203125,-2.7171759033203124,0.0,0.0,,,,,,22.715459
0,64,1.3251286745071411,-74.90306854248047,-0.7490306854248047,0.0,0.0,,,,,,22.721117
0,65,6.870856761932373,-183.0907745361328,-1.830907745361328,0.0,0.0,,,,,,22.726914
0,66,7.815462112426758,-209.0669708251953,-2.090669708251953,0.0,0.0,,,,,,22.732715
0,67,3.5028088092803955,-55.28829574584961,-0.5528829574584961,0.0,0.0,,,,,,22.738482
0,68,1.0520966053009033,-58.985469818115234,-0.5898546981811523,0.0,0.0,,,,,,22.744221
0,69,8.000500679016113,-197.243408203125,-1.97243408203125,0.0,0.0,,,,,,22.750258
0,70,2.8667733669281006,-105.37996673583984,-1.0537996673583985,0.0,0.0,,,,,,22.755919
0,71,3.867713212966919,-121.12480163574219,-1.211248016357422,0.0,0.0,,,,,,22.766861
0,72,0.9094136357307434,-42.538429260253906,-0.42538429260253907,0.0,0.0,,,,,,22.772908
0,73,1.5720916986465454,-34.27014923095703,-0.3427014923095703,0.0,0.0,,,,,,22.77886
0,74,11.504880905151367,-219.7523956298828,-2.197523956298828,0.0,0.0,,,,,,22.785375
0,75,7.232827186584473,-191.3859405517578,-1.9138594055175782,0.0,0.0,,,,,,22.791278
0,76,2.7600595951080322,-112.47052001953125,-1.1247052001953124,0.0,0.0,,,,,,22.797229
0,77,3.6158599853515625,-50.693511962890625,-0.5069351196289062,0.0,0.0,,,,,,22.803505
0,78,2.7058463096618652,-33.25926971435547,-0.33259269714355466,0.0,0.0,,,,,,22.809726
0,79,5.412281513214111,-111.69544219970703,-1.1169544219970704,0.0,0.0,,,,,,22.815635
0,80,4.270901679992676,-139.5588836669922,-1.3955888366699218,0.0,0.0,,,,,,22.821608
0,81,3.3884634971618652,-123.22783660888672,-1.2322783660888672,0.0,0.0,,,,,,22.827324
0,82,3.7683775424957275,-131.26332092285156,-1.3126332092285156,0.0,0.0,,,,,,22.833785
0,83,1.5331579446792603,-66.21095275878906,-0.6621095275878907,0.0,0.0,,,,,,22.84016
0,84,1.8046575784683228,-82.99928283691406,-0.8299928283691407,0.0,0.0,,,,,,22.846568
0,85,6.099773406982422,-127.97502899169922,-1.2797502899169921,0.0,0.0,,,,,,22.853033
0,86,4.404040336608887,-150.19491577148438,-1.5019491577148438,0.0,0.0,,,,,,22.859442
0,87,4.911672115325928,-164.8643035888672,-1.648643035888672,0.0,0.0,,,,,,22.865719
0,88,13.726746559143066,-256.1439208984375,-2.561439208984375,0.0,0.0,,,,,,22.872635
0,89,9.421149253845215,-181.73255920410156,-1.8173255920410156,0.0,0.0,,,,,,22.879292
0,90,6.011136531829834,-171.3399200439453,-1.7133992004394532,0.0,0.0,,,,,,22.885818
0,91,1.4082356691360474,-18.61676788330078,-0.1861676788330078,0.0,0.0,,,,,,22.891598
0,92,3.596630096435547,-97.87860870361328,-0.9787860870361328,0.0,0.0,,,,,,22.89743
0,93,5.293252468109131,-168.311279296875,-1.68311279296875,0.0,0.0,,,,,,22.903154
0,94,3.6678600311279297,-101.99531555175781,-1.019953155517578,0.0,0.0,,,,,,22.908854
0,95,1.523298978805542,-66.83226013183594,-0.6683226013183594,0.0,0.0,,,,,,22.91459
0,96,8.564518928527832,-200.0078887939453,-2.0000788879394533,0.0,0.0,,,,,,22.920518
0,97,4.450767993927002,-77.52762603759766,-0.7752762603759765,0.0,0.0,,,,,,22.926255
0,98,11.105337142944336,-248.17198181152344,-2.4817198181152342,0.0,0.0,,,,,,22.932232
0,99,11.208212852478027,-225.79367065429688,-2.257936706542969,0.0,0.0,,,,,,22.938317
0,100,3.57300066947937,-128.77464294433594,-1.2877464294433594,0.0,0.0,,,,,,22.944188
0,101,1.0259742736816406,-62.11069107055664,-0.6211069107055665,0.0,0.0,,,,,,22.949964
0,102,4.399388313293457,-79.6158447265625,-0.796158447265625,0.0,0.0,,,,,,22.955798
0,103,1.8782203197479248,-89.17156219482422,-0.8917156219482422,0.0,0.0,,,,,,22.961629
0,104,13.50841236114502,-256.96136474609375,-2.5696136474609377,0.0,0.0,,,,,,22.967375
0,105,9.127718925476074,-216.07981872558594,-2.1607981872558595,0.0,0.0,,,,,,22.973148
0,106,5.433152198791504,-117.3560791015625,-1.173560791015625,0.0,0.0,,,,,,22.97878
0,107,1.082816243171692,18.911548614501953,0.18911548614501952,0.0,0.0,,,,,,22.984462
0,108,11.89409065246582,-238.17190551757812,-2.381719055175781,0.0,0.0,,,,,,22.990653
0,109,4.518129825592041,-131.97377014160156,-1.3197377014160157,0.0,0.0,,,,,,22.996242
0,110,7.304800510406494,-144.69712829589844,-1.4469712829589845,0.0,0.0,,,,,,23.002069
0,111,5.503005504608154,-166.07791137695312,-1.6607791137695314,0.0,0.0,,,,,,23.007954
0,112,0.0012452692026272416,2.0274059772491455,0.020274059772491457,0.0,0.0,,,,,,23.013842
0,113,1.608318567276001,-85.73993682861328,-0.8573993682861328,0.0,0.0,,,,,,23.019628
0,114,5.451569557189941,-113.53023529052734,-1.1353023529052735,0.0,0.0,,,,,,23.025343
0,115,2.775916814804077,-94.16385650634766,-0.9416385650634765,0.0,0.0,,,,,,23.03107
0,116,8.356050491333008,-199.91030883789062,-1.9991030883789063,0.0,0.0,,,,,,23.036637
0,117,3.413358449935913,-115.12372589111328,-1.1512372589111328,0.0,0.0,,,,,,23.042053
0,118,13.143861770629883,-240.50714111328125,-2.4050714111328126,0.0,0.0,,,,,,23.047657
0,119,1.011885643005371,-57.6733283996582,-0.5767332839965821,0.0,0.0,,,,,,23.053572
0,120,10.261784553527832,-228.50929260253906,-2.2850929260253907,0.0,0.0,,,,,,23.059158
0,121,6.885653018951416,-142.46780395507812,-1.4246780395507812,0.0,0.0,,,,,,23.064691
0,122,4.8575119972229,-148.28192138671875,-1.4828192138671874,0.0,0.0,,,,,,23.070274
0,123,3.1633822917938232,-77.25873565673828,-0.7725873565673829,0.0,0.0,,,,,,23.07578
0,124,4.795924663543701,-114.36054992675781,-1.1436054992675782,0.0,0.0,,,,,,23.081295
0,125,8.887208938598633,-167.6068572998047,-1.676068572998047,0.0,0.0,,,,,,23.086876
0,126,5.036360740661621,-156.02455139160156,-1.5602455139160156,0.0,0.0,,,,,,23.092946
0,127,2.38466215133667,-103.11959075927734,-1.0311959075927735,0.0,0.0,,,,,,23.098568
0,128,2.788738489151001,-112.33009338378906,-1.1233009338378905,0.0,0.0,,,,,,23.104224
0,129,1.977499008178711,-95.59962463378906,-0.9559962463378906,0.0,0.0,,,,,,23.109792
0,130,3.5181517601013184,-126.82441711425781,-1.268244171142578,0.0,0.0,,,,,,23.115506
0,131,2.552856922149658,-106.58575439453125,-1.0658575439453124,0.0,0.0,,,,,,23.121183
0,132,2.8148837089538574,-118.76734161376953,-1.1876734161376954,0.0,0.0,,,,,,23.126981
0,133,5.682053565979004,-166.7755889892578,-1.6677558898925782,0.0,0.0,,,,,,23.132558
0,134,2.2147552967071533,-69.02935028076172,-0.6902935028076171,0.0,0.0,,,,,,23.138354
0,135,3.1182162761688232,-98.17125701904297,-0.9817125701904297,0.0,0.0,,,,,,23.144548
0,136,1.6564029455184937,-33.722965240478516,-0.33722965240478514,0.0,0.0,,,,,,23.150876
0,137,15.791168212890625,-284.7859802246094,-2.8478598022460937,0.0,0.0,,,,,,23.15686
0,138,4.208143711090088,-86.41168212890625,-0.8641168212890625,0.0,0.0,,,,,,23.162743
0,139,16.012317657470703,-278.5772399902344,-2.785772399902344,0.0,0.0,,,,,,23.168684
0,140,0.6620743274688721,-46.9605598449707,-0.469605598449707,0.0,0.0,,,,,,23.174585
0,141,4.807751655578613,-99.95181274414062,-0.9995181274414062,0.0,0.0,,,,,,23.180595
0,142,4.230995178222656,-106.98265838623047,-1.0698265838623047,0.0,0.0,,,,,,23.186501
0,143,9.219344139099121,-229.9140625,-2.299140625,0.0,0.0,,,,,,23.192362
0,144,1.9833755493164062,-83.16574096679688,-0.8316574096679688,0.0,0.0,,,,,,23.199047
0,145,1.248574137687683,-31.07550048828125,-0.3107550048828125,0.0,0.0,,,,,,23.20493
0,146,4.7940354347229,-163.28082275390625,-1.6328082275390625,0.0,0.0,,,,,,23.212607
0,147,0.5173169374465942,-32.481719970703125,-0.32481719970703127,0.0,0.0,,,,,,23.218743
0,148,17.22502326965332,-292.7117614746094,-2.9271176147460936,0.0,0.0,,,,,,23.225199
0,149,17.124866485595703,-288.58929443359375,-2.8858929443359376,0.0,0.0,,,,,,23.232974
0,150,12.61457633972168,-256.7992248535156,-2.5679922485351563,0.0,0.0,,,,,,23.240625
0,151,10.661246299743652,-222.8601531982422,-2.228601531982422,0.0,0.0,,,,,,23.248134
0,152,5.059548854827881,-142.80670166015625,-1.4280670166015625,0.0,0.0,,,,,,23.255727
0,153,2.026538133621216,-93.6940689086914,-0.9369406890869141,0.0,0.0,,,,,,23.262855
0,154,7.1105241775512695,-198.49171447753906,-1.9849171447753906,0.0,0.0,,,,,,23.270293
0,155,0.6692844033241272,-33.36754608154297,-0.3336754608154297,0.0,0.0,,,,,,23.277774
0,156,7.808122634887695,-174.01812744140625,-1.7401812744140626,0.0,0.0,,,,,,23.28523
0,157,10.870729446411133,-241.67739868164062,-2.4167739868164064,0.0,0.0,,,,,,23.292454
0,158,12.043065071105957,-254.34512329101562,-2.543451232910156,0.0,0.0,,,,,,23.299776
0,159,14.806949615478516,-279.919189453125,-2.79919189453125,0.0,0.0,,,,,,23.306182
0,160,2.835691452026367,-98.75550842285156,-0.9875550842285157,0.0,0.0,,,,,,23.312149
0,161,2.6443328857421875,-76.8125228881836,-0.768125228881836,0.0,0.0,,,,,,23.318848
0,162,7.111455917358398,-146.54507446289062,-1.4654507446289062,0.0,0.0,,,,,,23.325019
0,163,4.853109836578369,-108.78323364257812,-1.0878323364257811,0.0,0.0,,,,,,23.33115
0,164,6.226243019104004,-166.65509033203125,-1.6665509033203125,0.0,0.0,,,,,,23.337747
0,165,4.372178077697754,-72.62976837158203,-0.7262976837158203,0.0,0.0,,,,,,23.344258
0,166,5.261363506317139,-168.6454620361328,-1.6864546203613282,0.0,0.0,,,,,,23.350635
0,167,2.219433069229126,-96.04556274414062,-0.9604556274414062,0.0,0.0,,,,,,23.357109
0,168,1.5280895233154297,-43.15494918823242,-0.4315494918823242,0.0,0.0,,,,,,23.363469
0,169,2.83687162399292,-57.740909576416016,-0.5774090957641601,0.0,0.0,,,,,,23.369904
0,170,4.332433223724365,-121.88359069824219,-1.218835906982422,0.0,0.0,,,,,,23.377101
0,171,16.852432250976562,-297.88958740234375,-2.9788958740234377,0.0,0.0,,,,,,23.383643
0,172,0.04328791797161102,4.354103088378906,0.043541030883789064,0.0,0.0,,,,,,23.390049
0,173,10.871665000915527,-218.9984893798828,-2.189984893798828,0.0,0.0,,,,,,23.396434
0,174,4.286712646484375,-113.90241241455078,-1.139024124145508,0.0,0.0,,,,,,23.403924
0,175,2.9660418033599854,-37.787559509277344,-0.37787559509277346,0.0,0.0,,,,,,23.410241
0,176,4.840762138366699,-122.30599212646484,-1.2230599212646485,0.0,0.0,,,,,,23.416455
0,177,2.2206907272338867,-64.72014617919922,-0.6472014617919922,0.0,0.0,,,,,,23.423182
0,178,2.8509013652801514,-54.360172271728516,-0.5436017227172851,0.0,0.0,,,,,,23.429944
0,179,0.8727801442146301,-54.918540954589844,-0.5491854095458985,0.0,0.0,,,,,,23.43604
0,180,0.10608440637588501,-8.70071792602539,-0.0870071792602539,0.0,0.0,,,,,,23.442105
0,181,5.847744941711426,-167.9652862548828,-1.679652862548828,0.0,0.0,,,,,,23.44788
0,182,8.170015335083008,-212.85922241210938,-2.128592224121094,0.0,0.0,,,,,,23.455283
0,183,9.907231330871582,-220.73281860351562,-2.207328186035156,0.0,0.0,,,,,,23.464233
0,184,4.044615745544434,-126.12325286865234,-1.2612325286865234,0.0,0.0,,,,,,23.473149
0,185,2.7565815448760986,-59.94938659667969,-0.5994938659667969,0.0,0.0,,,,,,23.482073
0,186,3.762237310409546,-113.18978118896484,-1.1318978118896483,0.0,0.0,,,,,,23.491051
0,187,7.954056739807129,-209.56369018554688,-2.095636901855469,0.0,0.0,,,,,,23.499892
0,188,2.123974084854126,-32.28190612792969,-0.3228190612792969,0.0,0.0,,,,,,23.508716
0,189,0.1431095004081726,-13.670336723327637,-0.13670336723327636,0.0,0.0,,,,,,23.517584
0,190,3.2919206619262695,-125.2378158569336,-1.2523781585693359,0.0,0.0,,,,,,23.526771
0,191,5.035217761993408,-161.84742736816406,-1.6184742736816407,0.0,0.0,,,,,,23.534451
0,192,1.2708293199539185,-70.55133819580078,-0.7055133819580078,0.0,0.0,,,,,,23.540827
0,193,6.4451704025268555,-156.0027618408203,-1.5600276184082031,0.0,0.0,,,,,,23.547352
0,194,14.906275749206543,-278.73638916015625,-2.7873638916015624,0.0,0.0,,,,,,23.553051
0,195,2.155113458633423,-98.9741439819336,-0.9897414398193359,0.0,0.0,,,,,,23.558863
0,196,10.312629699707031,-231.1426544189453,-2.311426544189453,0.0,0.0,,,,,,23.564719
0,197,1.8097940683364868,-71.5328369140625,-0.715328369140625,0.0,0.0,,,,,,23.570239
0,198,6.099795341491699,-140.76309204101562,-1.4076309204101562,0.0,0.0,,,,,,23.575862
0,199,7.640697479248047,-163.59112548828125,-1.6359112548828125,0.0,0.0,,,,,,23.581494
0,200,0.8653728365898132,14.84659194946289,0.1484659194946289,0.0,0.0,,,,,,23.587283
0,201,8.907784461975098,-225.73016357421875,-2.2573016357421873,0.0,0.0,,,,,,23.593112
0,202,4.760690689086914,-156.85498046875,-1.5685498046875,0.0,0.0,,,,,,23.598887
0,203,4.1003947257995605,-92.98555755615234,-0.9298555755615234,0.0,0.0,,,,,,23.604756
0,204,1.547262191772461,-12.728050231933594,-0.12728050231933594,0.0,0.0,,,,,,23.61044
0,205,3.676081895828247,-79.54032897949219,-0.7954032897949219,0.0,0.0,,,,,,23.616103
0,206,1.16891348361969,-45.426883697509766,-0.4542688369750977,0.0,0.0,,,,,,23.621896
0,207,11.284049034118652,-237.16632080078125,-2.3716632080078126,0.0,0.0,,,,,,23.627421
0,208,0.9664868116378784,1.3598536252975464,0.013598536252975463,0.0,0.0,,,,,,23.63304
0,209,3.632009744644165,-89.07394409179688,-0.8907394409179688,0.0,0.0,,,,,,23.638528
0,210,4.848308563232422,-142.63417053222656,-1.4263417053222656,0.0,0.0,,,,,,23.644354
0,211,0.6951356530189514,-36.378273010253906,-0.3637827301025391,0.0,0.0,,,,,,23.651276
0,212,5.373111248016357,-165.406005859375,-1.65406005859375,0.0,0.0,,,,,,23.65984
0,213,15.997147560119629,-288.5283508300781,-2.8852835083007813,0.0,0.0,,,,,,23.668215
0,214,11.013861656188965,-237.0558319091797,-2.370558319091797,0.0,0.0,,,,,,23.677162
0,215,7.522639751434326,-191.74314880371094,-1.9174314880371093,0.0,0.0,,,,,,23.685481
0,216,12.565377235412598,-258.77313232421875,-2.5877313232421875,0.0,0.0,,,,,,23.693752
0,217,9.662530899047852,-222.57974243164062,-2.225797424316406,0.0,0.0,,,,,,23.702122
0,218,13.03446102142334,-244.27572631835938,-2.442757263183594,0.0,0.0,,,,,,23.710267
0,219,3.130749225616455,-87.26972961425781,-0.8726972961425781,0.0,0.0,,,,,,23.718562
0,220,0.07834697514772415,-4.55584192276001,-0.045558419227600094,0.0,0.0,,,,,,23.72604
0,221,3.898995876312256,-64.43544006347656,-0.6443544006347657,0.0,0.0,,,,,,23.731533
0,222,11.182966232299805,-212.70327758789062,-2.1270327758789063,0.0,0.0,,,,,,23.736929
0,223,0.6612700819969177,-23.754789352416992,-0.2375478935241699,0.0,0.0,,,,,,23.742508
0,224,4.456085205078125,-152.0527801513672,-1.5205278015136718,0.0,0.0,,,,,,23.748122
0,225,2.7889437675476074,-36.9656982421875,-0.369656982421875,0.0,0.0,,,,,,23.753767
0,226,9.51672649383545,-189.01145935058594,-1.8901145935058594,0.0,0.0,,,,,,23.75982
0,227,3.0000860691070557,-118.72654724121094,-1.1872654724121094,0.0,0.0,,,,,,23.766241
0,228,3.2726492881774902,-66.884765625,-0.66884765625,0.0,0.0,,,,,,23.772107
0,229,1.3381096124649048,-23.399141311645508,-0.23399141311645508,0.0,0.0,,,,,,23.777867
0,230,1.2130203247070312,-59.60758972167969,-0.5960758972167969,0.0,0.0,,,,,,23.783685
0,231,7.287639617919922,-195.49069213867188,-1.9549069213867187,0.0,0.0,,,,,,23.789357
0,232,7.635530948638916,-198.08763122558594,-1.9808763122558595,0.0,0.0,,,,,,23.795087
0,233,17.661584854125977,-306.7987365722656,-3.067987365722656,0.0,0.0,,,,,,23.800661
0,234,7.233874797821045,-172.9384307861328,-1.729384307861328,0.0,0.0,,,,,,23.806227
0,235,4.5865960121154785,-154.95562744140625,-1.5495562744140625,0.0,0.0,,,,,,23.811726
0,236,0.92362380027771,-45.58841323852539,-0.4558841323852539,0.0,0.0,,,,,,23.817318
0,237,1.187480092048645,-51.82677459716797,-0.5182677459716797,0.0,0.0,,,,,,23.823089
0,238,4.329315662384033,-144.22474670410156,-1.4422474670410157,0.0,0.0,,,,,,23.829156
0,239,3.888153314590454,-55.810604095458984,-0.5581060409545898,0.0,0.0,,,,,,23.835032
0,240,5.614840030670166,-175.2009735107422,-1.752009735107422,0.0,0.0,,,,,,23.840742
0,241,1.5565526485443115,-82.1338119506836,-0.8213381195068359,0.0,0.0,,,,,,23.846485
0,242,13.889350891113281,-269.66754150390625,-2.6966754150390626,0.0,0.0,,,,,,23.852111
0,243,6.833126544952393,-143.12307739257812,-1.4312307739257812,0.0,0.0,,,,,,23.85809
0,244,4.992941379547119,-137.2534637451172,-1.3725346374511718,0.0,0.0,,,,,,23.86492
0,245,3.373140573501587,-127.29437255859375,-1.2729437255859375,0.0,0.0,,,,,,23.872353
0,246,6.105600833892822,-125.87201690673828,-1.2587201690673828,0.0,0.0,,,,,,23.879123
0,247,2.2429611682891846,-101.61860656738281,-1.0161860656738282,0.0,0.0,,,,,,23.885812
0,248,4.498261451721191,-145.09120178222656,-1.4509120178222656,0.0,0.0,,,,,,23.892576
0,249,0.7994811534881592,-53.91126251220703,-0.5391126251220704,0.0,0.0,,,,,,23.8992
0,250,10.5680513381958,-205.64422607421875,-2.0564422607421875,0.0,0.0,,,,,,23.904984
0,251,4.455315589904785,-151.9207305908203,-1.5192073059082032,0.0,0.0,,,,,,23.910582
0,252,9.03048038482666,-197.41258239746094,-1.9741258239746093,0.0,0.0,,,,,,23.916249
0,253,9.22732925415039,-183.66302490234375,-1.8366302490234374,0.0,0.0,,,,,,23.924555
0,254,0.9526447057723999,-57.93162155151367,-0.5793162155151367,0.0,0.0,,,,,,23.932852
0,255,12.9562406539917,-263.078125,-2.63078125,0.0,0.0,,,,,,23.941339
0,256,5.361612319946289,-147.9135284423828,-1.4791352844238281,0.0,0.0,,,,,,23.947037
0,257,0.006804601289331913,4.543798923492432,0.045437989234924314,0.0,0.0,,,,,,23.95281
0,258,4.126922607421875,-143.5572967529297,-1.435572967529297,0.0,0.0,,,,,,23.958554
0,259,2.1302847862243652,-94.32551574707031,-0.9432551574707031,0.0,0.0,,,,,,23.964117
0,260,15.16862964630127,-270.6950988769531,-2.706950988769531,0.0,0.0,,,,,,23.970379
0,261,6.043658256530762,-173.18304443359375,-1.7318304443359376,0.0,0.0,,,,,,23.976809
0,262,1.6154993772506714,-83.62429809570312,-0.8362429809570312,0.0,0.0,,,,,,23.982882
0,263,1.8942822217941284,-49.53294372558594,-0.4953294372558594,0.0,0.0,,,,,,23.988554
0,264,2.919334650039673,-104.28723907470703,-1.0428723907470703,0.0,0.0,,,,,,23.99424
0,265,1.9587243795394897,-17.096506118774414,-0.17096506118774413,0.0,0.0,,,,,,23.999955
0,266,1.6449847221374512,-5.300145626068115,-0.05300145626068115,0.0,0.0,,,,,,24.005534
0,267,1.4514657258987427,-56.59865188598633,-0.5659865188598633,0.0,0.0,,,,,,24.011979
0,268,5.942709445953369,-160.57760620117188,-1.6057760620117187,0.0,0.0,,,,,,24.020485
0,269,1.161895513534546,15.118193626403809,0.15118193626403809,0.0,0.0,,,,,,24.0291
0,270,4.524445533752441,-148.6108856201172,-1.486108856201172,0.0,0.0,,,,,,24.037996
0,271,3.2755980491638184,-117.72711181640625,-1.1772711181640625,0.0,0.0,,,,,,24.047152
0,272,16.213701248168945,-275.2569274902344,-2.752569274902344,0.0,0.0,,,,,,24.056092
0,273,3.90923810005188,-125.75001525878906,-1.2575001525878906,0.0,0.0,,,,,,24.064393
0,274,6.929795265197754,-157.4268798828125,-1.574268798828125,0.0,0.0,,,,,,24.07355
0,275,1.723732352256775,-81.30546569824219,-0.8130546569824219,0.0,0.0,,,,,,24.079533
0,276,4.885067462921143,-116.46322631835938,-1.1646322631835937,0.0,0.0,,,,,,24.085246
0,277,3.2084085941314697,-70.846923828125,-0.70846923828125,0.0,0.0,,,,,,24.091592
0,278,10.86616039276123,-222.37828063964844,-2.223782806396484,0.0,0.0,,,,,,24.097146
0,279,10.631840705871582,-211.41098022460938,-2.1141098022460936,0.0,0.0,,,,,,24.102993
0,280,0.01411765068769455,6.781193256378174,0.06781193256378173,0.0,0.0,,,,,,24.108669
0,281,12.78186321258545,-245.50778198242188,-2.455077819824219,0.0,0.0,,,,,,24.114237
0,282,1.4000766277313232,-77.41158294677734,-0.7741158294677735,0.0,0.0,,,,,,24.119772
0,283,1.3881008625030518,1.5500388145446777,0.015500388145446777,0.0,0.0,,,,,,24.125575
0,284,1.632791519165039,-9.432975769042969,-0.09432975769042969,0.0,0.0,,,,,,24.131053
0,285,4.914959936286323e-05,0.33788731694221497,0.0033788731694221496,0.0,0.0,,,,,,24.13656
0,286,2.630858898162842,-35.6193962097168,-0.35619396209716797,0.0,0.0,,,,,,24.142428
0,287,4.276609897613525,-150.14825439453125,-1.5014825439453126,0.0,0.0,,,,,,24.148458
0,288,12.077773094177246,-235.92526245117188,-2.359252624511719,0.0,0.0,,,,,,24.154253
0,289,3.9774205684661865,-144.73193359375,-1.4473193359375,0.0,0.0,,,,,,24.16008
0,290,7.9346489906311035,-170.5911407470703,-1.7059114074707031,0.0,0.0,,,,,,24.166042
0,291,11.566994667053223,-246.50869750976562,-2.4650869750976563,0.0,0.0,,,,,,24.171994
0,292,13.60033893585205,-242.72671508789062,-2.4272671508789063,0.0,0.0,,,,,,24.177836
0,293,2.2229392528533936,-94.29353332519531,-0.9429353332519531,0.0,0.0,,,,,,24.183658
0,294,2.931403636932373,-116.78192901611328,-1.1678192901611328,0.0,0.0,,,,,,24.189237
0,295,2.7100675106048584,-83.3315658569336,-0.833315658569336,0.0,0.0,,,,,,24.195741
0,296,0.909963846206665,-30.53370475769043,-0.3053370475769043,0.0,0.0,,,,,,24.201632
0,297,8.711494445800781,-208.09254455566406,-2.0809254455566406,0.0,0.0,,,,,,24.207618
0,298,1.865317940711975,-89.0299072265625,-0.890299072265625,0.0,0.0,,,,,,24.2134
0,299,2.4788594245910645,-110.33622741699219,-1.1033622741699218,0.0,0.0,,,,,,24.219296
0,300,2.982478141784668,-123.2645034790039,-1.232645034790039,0.0,0.0,,,,,,24.225137
0,301,5.038138389587402,-161.29478454589844,-1.6129478454589843,0.0,0.0,,,,,,24.231103
0,302,2.482543468475342,-98.39751434326172,-0.9839751434326172,0.0,0.0,,,,,,24.23723
0,303,11.432903289794922,-229.38015747070312,-2.293801574707031,0.0,0.0,,,,,,24.243344
0,304,13.892407417297363,-273.18450927734375,-2.7318450927734377,0.0,0.0,,,,,,24.24929
0,305,9.464632034301758,-221.43646240234375,-2.2143646240234376,0.0,0.0,,,,,,24.255274
0,306,7.352716445922852,-203.5323944091797,-2.0353239440917967,0.0,0.0,,,,,,24.260979
0,307,5.482234001159668,-110.317138671875,-1.10317138671875,0.0,0.0,,,,,,24.266888
0,308,3.451171875,-120.0746841430664,-1.2007468414306641,0.0,0.0,,,,,,24.272712
0,309,6.961421489715576,-194.80722045898438,-1.9480722045898438,0.0,0.0,,,,,,24.27872
0,310,7.870121479034424,-196.45025634765625,-1.9645025634765625,0.0,0.0,,,,,,24.284574
0,311,6.60122013092041,-182.23016357421875,-1.8223016357421875,0.0,0.0,,,,,,24.290765
0,312,10.1016263961792,-220.2910919189453,-2.202910919189453,0.0,0.0,,,,,,24.297171
0,313,3.0896153450012207,-75.6656723022461,-0.7566567230224609,0.0,0.0,,,,,,24.303167
0,314,3.1122217178344727,-113.41986846923828,-1.1341986846923828,0.0,0.0,,,,,,24.308942
0,315,2.6357791423797607,-110.22978973388672,-1.1022978973388673,0.0,0.0,,,,,,24.314798
0,316,1.9563206434249878,-47.55683517456055,-0.47556835174560547,0.0,0.0,,,,,,24.320324
0,317,1.455439805984497,1.3562160730361938,0.013562160730361938,0.0,0.0,,,,,,24.32609
0,318,8.178560256958008,-203.18565368652344,-2.0318565368652344,0.0,0.0,,,,,,24.331644
0,319,2.3639349937438965,-105.74027252197266,-1.0574027252197267,0.0,0.0,,,,,,24.337403
0,320,0.0003912193642463535,1.110938549041748,0.01110938549041748,0.0,0.0,,,,,,24.342943
0,321,3.3042519092559814,-108.40894317626953,-1.0840894317626952,0.0,0.0,,,,,,24.348717
0,322,0.5401351451873779,-6.465511798858643,-0.06465511798858642,0.0,0.0,,,,,,24.354288
0,323,11.158904075622559,-229.82135009765625,-2.2982135009765625,0.0,0.0,,,,,,24.359981
0,324,0.9297481179237366,17.03408432006836,0.1703408432006836,0.0,0.0,,,,,,24.365438
0,325,3.7097880840301514,-138.79116821289062,-1.3879116821289061,0.0,0.0,,,,,,24.371237
0,326,14.264871597290039,-271.3827819824219,-2.713827819824219,0.0,0.0,,,,,,24.376855
0,327,7.8711442947387695,-202.79629516601562,-2.027962951660156,0.0,0.0,,,,,,24.382636
0,328,1.175350546836853,-55.87747573852539,-0.558774757385254,0.0,0.0,,,,,,24.388303
0,329,7.814450740814209,-191.85755920410156,-1.9185755920410157,0.0,0.0,,,,,,24.394062
0,330,2.568010091781616,-108.77172088623047,-1.0877172088623046,0.0,0.0,,,,,,24.400117
0,331,2.296448230743408,-81.13352966308594,-0.8113352966308593,0.0,0.0,,,,,,24.405879
0,332,4.392319202423096,-158.009033203125,-1.58009033203125,0.0,0.0,,,,,,24.41161
0,333,4.647544860839844,-155.03036499023438,-1.5503036499023437,0.0,0.0,,,,,,24.417364
0,334,6.138007164001465,-155.50054931640625,-1.5550054931640624,0.0,0.0,,,,,,24.423149
0,335,10.162382125854492,-212.61900329589844,-2.1261900329589842,0.0,0.0,,,,,,24.429102
0,336,12.073490142822266,-255.9937286376953,-2.559937286376953,0.0,0.0,,,,,,24.436064
0,337,6.951348304748535,-191.23098754882812,-1.9123098754882812,0.0,0.0,,,,,,24.442966
0,338,1.4720603227615356,-49.46937561035156,-0.4946937561035156,0.0,0.0,,,,,,24.449879
0,339,0.7118271589279175,-40.86509323120117,-0.4086509323120117,0.0,0.0,,,,,,24.455855
0,340,2.776517391204834,-118.32298278808594,-1.1832298278808593,0.0,0.0,,,,,,24.461583
0,341,0.035468656569719315,10.8612699508667,0.10861269950866699,0.0,0.0,,,,,,24.46727
0,342,11.319168090820312,-246.53298950195312,-2.465329895019531,0.0,0.0,,,,,,24.473
0,343,1.045545220375061,20.65850830078125,0.2065850830078125,0.0,0.0,,,,,,24.479189
0,344,1.517627477645874,-80.09709930419922,-0.8009709930419922,0.0,0.0,,,,,,24.485045
0,345,4.261606216430664,-146.8078155517578,-1.4680781555175781,0.0,0.0,,,,,,24.490896
0,346,1.800291895866394,-93.37788391113281,-0.9337788391113281,0.0,0.0,,,,,,24.497633
0,347,10.893412590026855,-240.9635467529297,-2.409635467529297,0.0,0.0,,,,,,24.504543
0,348,4.173655986785889,-96.96636962890625,-0.9696636962890625,0.0,0.0,,,,,,24.510496
0,349,0.7495673298835754,8.29273796081543,0.0829273796081543,0.0,0.0,,,,,,24.516285
0,350,0.8102610111236572,-53.26189422607422,-0.5326189422607421,0.0,0.0,,,,,,24.522082
0,351,1.130538821220398,8.682008743286133,0.08682008743286133,0.0,0.0,,,,,,24.527896
0,352,9.435059547424316,-202.44308471679688,-2.024430847167969,0.0,0.0,,,,,,24.533401
0,353,5.1933441162109375,-159.4169158935547,-1.594169158935547,0.0,0.0,,,,,,24.539005
0,354,3.1620218753814697,-119.23422241210938,-1.1923422241210937,0.0,0.0,,,,,,24.544845
0,355,9.3697509765625,-196.07228088378906,-1.9607228088378905,0.0,0.0,,,,,,24.55066
0,356,3.255739450454712,-126.7315902709961,-1.267315902709961,0.0,0.0,,,,,,24.556372
0,357,3.13411545753479,-121.34873962402344,-1.2134873962402344,0.0,0.0,,,,,,24.562101
0,358,13.961418151855469,-268.9179382324219,-2.6891793823242187,0.0,0.0,,,,,,24.567779
0,359,6.772837162017822,-144.24122619628906,-1.4424122619628905,0.0,0.0,,,,,,24.573607
0,360,1.2529072761535645,-63.8596076965332,-0.638596076965332,0.0,0.0,,,,,,24.579309
0,361,0.6183933615684509,0.6352066397666931,0.0063520663976669315,0.0,0.0,,,,,,24.585017
0,362,5.070596694946289,-140.96273803710938,-1.4096273803710937,0.0,0.0,,,,,,24.590783
0,363,2.3471202850341797,-90.58735656738281,-0.9058735656738282,0.0,0.0,,,,,,24.596559
0,364,3.6810972690582275,-94.69660186767578,-0.9469660186767578,0.0,0.0,,,,,,24.602099
0,365,10.121390342712402,-232.9578094482422,-2.329578094482422,0.0,0.0,,,,,,24.608655
0,366,1.916829228401184,-90.5528564453125,-0.905528564453125,0.0,0.0,,,,,,24.614174
0,367,1.815015435218811,-59.4127197265625,-0.594127197265625,0.0,0.0,,,,,,24.619972
0,368,5.66886568069458,-157.8600311279297,-1.5786003112792968,0.0,0.0,,,,,,24.62686
0,369,12.240578651428223,-237.82843017578125,-2.3782843017578124,0.0,0.0,,,,,,24.633387
0,370,8.880346298217773,-213.81517028808594,-2.1381517028808594,0.0,0.0,,,,,,24.640165
0,371,5.074351787567139,-143.4248809814453,-1.434248809814453,0.0,0.0,,,,,,24.647275
0,372,14.338157653808594,-268.703369140625,-2.68703369140625,0.0,0.0,,,,,,24.654271
0,373,3.7522339820861816,-134.07351684570312,-1.3407351684570312,0.0,0.0,,,,,,24.660165
0,374,3.9931960105895996,-131.26805114746094,-1.3126805114746094,0.0,0.0,,,,,,24.666159
0,375,16.371553421020508,-291.583740234375,-2.91583740234375,0.0,0.0,,,,,,24.671992
0,376,8.373449325561523,-212.81982421875,-2.1281982421875,0.0,0.0,,,,,,24.677729
0,377,1.2960505485534668,-27.13564682006836,-0.2713564682006836,0.0,0.0,,,,,,24.683452
0,378,7.7118706703186035,-204.806640625,-2.04806640625,0.0,0.0,,,,,,24.689133
0,379,0.47434374690055847,-13.97322940826416,-0.1397322940826416,0.0,0.0,,,,,,24.694829
0,380,6.477004528045654,-185.8355255126953,-1.858355255126953,0.0,0.0,,,,,,24.700763
0,381,10.235603332519531,-239.27734375,-2.3927734375,0.0,0.0,,,,,,24.707717
0,382,5.71015739440918,-114.9456787109375,-1.149456787109375,0.0,0.0,,,,,,24.714512
0,383,3.094602584838867,-123.95135498046875,-1.2395135498046874,0.0,0.0,,,,,,24.720707
0,384,0.9259515404701233,-26.67854118347168,-0.2667854118347168,0.0,0.0,,,,,,24.726841
0,385,7.011096000671387,-164.231201171875,-1.64231201171875,0.0,0.0,,,,,,24.732701
0,386,5.343029022216797,-161.02786254882812,-1.6102786254882813,0.0,0.0,,,,,,24.738895
0,387,1.9083350896835327,-18.31768798828125,-0.1831768798828125,0.0,0.0,,,,,,24.744892
0,388,2.589932918548584,-80.0999984741211,-0.8009999847412109,0.0,0.0,,,,,,24.750583
0,389,1.9710644483566284,-90.52896118164062,-0.9052896118164062,0.0,0.0,,,,,,24.756759
0,390,2.2729969024658203,-70.234375,-0.70234375,0.0,0.0,,,,,,24.762468
0,391,3.4332292079925537,-55.160831451416016,-0.5516083145141601,0.0,0.0,,,,,,24.768285
0,392,13.149127960205078,-247.3484649658203,-2.4734846496582032,0.0,0.0,,,,,,24.77416
0,393,0.5675259232521057,-39.502079010009766,-0.39502079010009766,0.0,0.0,,,,,,24.780874
0,394,6.479914665222168,-183.29112243652344,-1.8329112243652343,0.0,0.0,,,,,,24.78658
0,395,5.499598503112793,-164.25746154785156,-1.6425746154785157,0.0,0.0,,,,,,24.792199
0,396,7.58051061630249,-155.32879638671875,-1.5532879638671875,0.0,0.0,,,,,,24.797797
0,397,1.1466772556304932,-41.482486724853516,-0.4148248672485352,0.0,0.0,,,,,,24.803338
0,398,1.5795310735702515,-71.91712951660156,-0.7191712951660156,0.0,0.0,,,,,,24.808962
0,399,5.513871192932129,-154.4427490234375,-1.544427490234375,0.0,0.0,,,,,,24.815282
0,400,4.354228973388672,-143.83033752441406,-1.4383033752441405,0.0,0.0,,,,,,24.820862
0,401,2.923158645629883,-117.12702941894531,-1.171270294189453,0.0,0.0,,,,,,24.826719
0,402,6.051658630371094,-166.0910186767578,-1.6609101867675782,0.0,0.0,,,,,,24.832367
0,403,4.674029350280762,-137.39859008789062,-1.3739859008789062,0.0,0.0,,,,,,24.838003
0,404,3.1414244174957275,-120.29593658447266,-1.2029593658447266,0.0,0.0,,,,,,24.843665
0,405,3.3553366661071777,-112.88780975341797,-1.1288780975341797,0.0,0.0,,,,,,24.849287
0,406,8.079703330993652,-209.93258666992188,-2.099325866699219,0.0,0.0,,,,,,24.855044
0,407,11.650823593139648,-229.03245544433594,-2.2903245544433593,0.0,0.0,,,,,,24.861234
0,408,6.246266841888428,-178.9879150390625,-1.789879150390625,0.0,0.0,,,,,,24.867121
0,409,4.306663990020752,-117.51007843017578,-1.1751007843017578,0.0,0.0,,,,,,24.872956
0,410,1.0991957187652588,-65.5400390625,-0.655400390625,0.0,0.0,,,,,,24.87877
0,411,5.220882415771484,-164.89471435546875,-1.6489471435546874,0.0,0.0,,,,,,24.884498
0,412,8.662731170654297,-176.0044403076172,-1.760044403076172,0.0,0.0,,,,,,24.890267
0,413,2.3095386028289795,-87.18575286865234,-0.8718575286865234,0.0,0.0,,,,,,24.896
0,414,1.7790849208831787,-62.94941329956055,-0.6294941329956054,0.0,0.0,,,,,,24.901992
0,415,3.6997745037078857,-109.770751953125,-1.09770751953125,0.0,0.0,,,,,,24.90801
0,416,8.9982328414917,-204.7450714111328,-2.0474507141113283,0.0,0.0,,,,,,24.913655
0,417,4.058364391326904,-145.7651824951172,-1.4576518249511718,0.0,0.0,,,,,,24.919834
0,418,3.5902624130249023,-95.33954620361328,-0.9533954620361328,0.0,0.0,,,,,,24.925653
0,419,4.5598063468933105,-78.01708221435547,-0.7801708221435547,0.0,0.0,,,,,,24.931652
0,420,2.656099796295166,-70.20254516601562,-0.7020254516601563,0.0,0.0,,,,,,24.937845
0,421,2.2218213081359863,-62.824974060058594,-0.6282497406005859,0.0,0.0,,,,,,24.943712
0,422,1.6562716960906982,-84.73831939697266,-0.8473831939697266,0.0,0.0,,,,,,24.949717
0,423,2.7316653728485107,-111.50536346435547,-1.1150536346435547,0.0,0.0,,,,,,24.955836
0,424,12.470097541809082,-249.1887969970703,-2.491887969970703,0.0,0.0,,,,,,24.962108
0,425,2.589862823486328,-108.04600524902344,-1.0804600524902344,0.0,0.0,,,,,,24.968069
0,426,7.7038397789001465,-166.9766082763672,-1.6697660827636718,0.0,0.0,,,,,,24.974236
0,427,1.5229398012161255,-82.9787368774414,-0.8297873687744141,0.0,0.0,,,,,,24.980014
0,428,4.610732078552246,-137.83224487304688,-1.3783224487304688,0.0,0.0,,,,,,24.985915
0,429,5.864998817443848,-174.36753845214844,-1.7436753845214843,0.0,0.0,,,,,,24.991743
0,430,0.4299899935722351,-36.38511657714844,-0.36385116577148435,0.0,0.0,,,,,,24.997576
0,431,1.0455524921417236,-16.276126861572266,-0.16276126861572265,0.0,0.0,,,,,,25.0034
0,432,3.149736166000366,-114.19776153564453,-1.1419776153564454,0.0,0.0,,,,,,25.009334
0,433,3.4418468475341797,-120.90166473388672,-1.2090166473388673,0.0,0.0,,,,,,25.015099
0,434,8.557393074035645,-169.283203125,-1.69283203125,0.0,0.0,,,,,,25.021729
0,435,8.026494979858398,-175.75511169433594,-1.7575511169433593,0.0,0.0,,,,,,25.027698
0,436,7.576343536376953,-186.49517822265625,-1.8649517822265624,0.0,0.0,,,,,,25.033706
0,437,4.857848167419434,-91.00877380371094,-0.9100877380371094,0.0,0.0,,,,,,25.039732
0,438,6.127439975738525,-139.30458068847656,-1.3930458068847655,0.0,0.0,,,,,,25.045724
0,439,8.192054748535156,-186.8127899169922,-1.868127899169922,0.0,0.0,,,,,,25.053015
0,440,9.591106414794922,-199.86354064941406,-1.9986354064941407,0.0,0.0,,,,,,25.060164
0,441,5.9999799728393555,-119.69986724853516,-1.1969986724853516,0.0,0.0,,,,,,25.067302
0,442,10.02894115447998,-223.42958068847656,-2.2342958068847656,0.0,0.0,,,,,,25.075834
0,443,4.098822593688965,-136.41969299316406,-1.3641969299316405,0.0,0.0,,,,,,25.084714
0,444,2.6419906616210938,-114.94091033935547,-1.1494091033935547,0.0,0.0,,,,,,25.092431
0,445,6.2773308753967285,-151.8743438720703,-1.518743438720703,0.0,0.0,,,,,,25.099257
0,446,1.10594642162323,-61.89529800415039,-0.6189529800415039,0.0,0.0,,,,,,25.106318
0,447,1.6481393575668335,-7.3328166007995605,-0.0733281660079956,0.0,0.0,,,,,,25.113461
0,448,2.7050118446350098,-66.73249053955078,-0.6673249053955078,0.0,0.0,,,,,,25.120327
0,449,0.7008482813835144,-50.44145965576172,-0.5044145965576172,0.0,0.0,,,,,,25.126819
0,450,2.4357213973999023,-45.160396575927734,-0.45160396575927736,0.0,0.0,,,,,,25.133591
0,451,12.066839218139648,-238.5909423828125,-2.385909423828125,0.0,0.0,,,,,,25.140246
0,452,2.6262929439544678,-36.4556884765625,-0.364556884765625,0.0,0.0,,,,,,25.146204
0,453,3.3864693641662598,-126.2300033569336,-1.262300033569336,0.0,0.0,,,,,,25.152437
0,454,13.016246795654297,-262.0965576171875,-2.620965576171875,0.0,0.0,,,,,,25.158287
0,455,0.1865140199661255,-17.926847457885742,-0.17926847457885742,0.0,0.0,,,,,,25.164115
0,456,8.988090515136719,-212.7092742919922,-2.127092742919922,0.0,0.0,,,,,,25.16981
0,457,10.655689239501953,-230.102783203125,-2.30102783203125,0.0,0.0,,,,,,25.175838
0,458,0.6652410626411438,-30.522401809692383,-0.30522401809692384,0.0,0.0,,,,,,25.181714
0,459,15.496233940124512,-268.02020263671875,-2.6802020263671875,0.0,0.0,,,,,,25.187293
0,460,6.903170108795166,-147.5826873779297,-1.4758268737792968,0.0,0.0,,,,,,25.193148
0,461,2.273667812347412,-105.02032470703125,-1.0502032470703124,0.0,0.0,,,,,,25.1989
0,462,14.302380561828613,-259.1016540527344,-2.5910165405273435,0.0,0.0,,,,,,25.204482
0,463,0.29518696665763855,-28.440723419189453,-0.2844072341918945,0.0,0.0,,,,,,25.210445
0,464,4.823281764984131,-93.48274993896484,-0.9348274993896485,0.0,0.0,,,,,,50.171136
0,465,1.0513681173324585,5.200021743774414,0.05200021743774414,0.0,0.0,,,,,,131.182335
